id,group,name,year,batch,customer,ai,sector,summary,basis,source,collected,descriptionChars,descriptionAvailable,sourceTextHash
primer-qrx6zk25r369xmv314y5,primer,베이직파이브(헤어비),2025,Batch 26,B2C,제품·기능,소비·생활,가상 헤어 체험·미용실 연결,일반 고객의 헤어 체험·예약을 AI로 지원,https://primer.kr/qrx6zk25r369xmv314y5,2026-10-03,448,True,9ba4e69bcb04628f8be2215be569360cc43401e0bd35af0b24df9bc543ff7ba7
primer-3p4kj92ynrv3zm57q1x8,primer,반조(손보다),2025,Batch 26,B2C,미확인,건강·바이오,맞춤형 손가락 의수,개인 사용자를 위한 3D 제작 의수; AI 언급 없음,https://primer.kr/3p4kj92ynrv3zm57q1x8,2026-10-03,444,True,9ae020bd54950e02a645f74f5b667ae1a1f831b7a5f2d3233e2f3963d95b7f41
primer-91kwev26vej6g2y46jpg,primer,하이젠버그,2025,Batch 26,혼합,미확인,교육·콘텐츠,기술·경제 전문 미디어,대중과 전문가를 함께 대상으로 설명; 보도 대상의 AI는 제품 기능으로 세지 않음,https://primer.kr/91kwev26vej6g2y46jpg,2026-10-03,334,True,687bc8966a8d06e83dc03dd72bddd2b8139d5ff48330defb1b1cc49a0f8663f5
primer-5r398nmnr3kw6mvwje7y,primer,에이치케이로지스틱스(배차킹),2025,Batch 26,B2B,미확인,산업·환경,기업 화물운송 관리,물류 담당자를 위한 운송·정산 관리; 자동화만으로 AI로 분류하지 않음,https://primer.kr/5r398nmnr3kw6mvwje7y,2026-10-03,398,True,228e2c22e2b6d977a048093c1b01dcb97981e1d18a079913603971daf2512912
primer-y9e1xp2xyjw9wm7k35vz,primer,뮤지브,2025,Batch 26,확인 불가,미확인,교육·콘텐츠,음악 샘플 검색,유사도 검색 외 고객·AI 구현에 관한 설명 부족,https://primer.kr/y9e1xp2xyjw9wm7k35vz,2026-10-03,25,True,2c26dbbe06784b01bd5c4c78c98be41c44aeea2af2eee1d78aed75931edc593a
primer-4w67rj24q5ev9m5yq8ep,primer,프리더스(큐닷),2025,Batch 26,혼합,제품·기능,소비·생활,육아·리빙 상품 커머스,소비자와 브랜드 양쪽에 서비스; AI 상품 분석 명시,https://primer.kr/4w67rj24q5ev9m5yq8ep,2026-10-03,364,True,3a65d3c5ea4ee7e2292c93e625312d18422f465839afc769d67d3bd1ef361a7e
primer-ndvwx7283jkx9m3z6jpg,primer,수니콘(리웨이크),2025,Batch 26,혼합,제품·기능,소비·생활,브랜드 재고 아울렛,브랜드와 소비자 대상; AI 가격 조정 기능 명시,https://primer.kr/ndvwx7283jkx9m3z6jpg,2026-10-03,579,True,93f3cbb5a7f2bdbc9a3016b13d465eaab1aaaae79d080334f0b8f98491425aa4
primer-5r398nmnr3k56mvwje7y,primer,엘로케안(슈가디),2025,Batch 26,B2C,미확인,소비·생활,저당·글루텐프리 베이커리,일반 소비자용 식품 브랜드; AI 언급 없음,https://primer.kr/5r398nmnr3k56mvwje7y,2026-10-03,344,True,5b50dadf5cc180151795e2ab62270ef43977c15864b5d2f6b1c7779538245c03
primer-5r398nmnr35e6mvwje7y,primer,스월엑스(SwirlX),2025,Batch 26,B2B,지원 인프라,산업·환경,데이터센터 냉각 장비,AI 데이터센터와 냉각 장비사를 위한 열교환기; AI 모델 제품과 구분,https://primer.kr/5r398nmnr35e6mvwje7y,2026-10-03,1199,True,50b4a0155c8346739ff0bca69c59a593ce3a57343c229ebe98ea1cd34420f9a8
primer-ywk9j7298rxjxmgpqvnd,primer,민성(VCMS),2025,Batch 26,B2B,미확인,업무·마케팅,매장 운영 통합관리,무인매장 운영자를 위한 기기·매출 관리; 자동화만으로 AI로 분류하지 않음,https://primer.kr/ywk9j7298rxjxmgpqvnd,2026-10-03,417,True,f55d65770227517c9d2f4076399a9706548a54fe544167d1368ea66babaf1b8d
primer-91kwev26vej4g2y46jpg,primer,빙글코퍼레이션(빙글),2025,Batch 26,혼합,제품·기능,소비·생활,빈티지 의류 거래,판매자와 구매자 지원; AI 상품 정보 인식 기능,https://primer.kr/91kwev26vej4g2y46jpg,2026-10-03,266,True,50a5c892740a3935a0ab6edf4cf5febaca2b8aacccfc5be46e921829145a00ad
primer-ndvwx7283jkp9m3z6jpg,primer,케어마인더(케어링크),2025,Batch 26,B2B,제품·기능,건강·바이오,간호 요청 분류·업무 배정,병원용 솔루션; 환자 음성을 AI로 분석,https://primer.kr/ndvwx7283jkp9m3z6jpg,2026-10-03,392,True,90bccbdaeccba22890e58eb78969c83a57587920e5f0418660c4edfa3b33417b
primer-qrx6zk25rw56qmv314y5,primer,타우린(클로라),2025,Batch 26,확인 불가,제품·기능,교육·콘텐츠,AI 클론 제작 플랫폼,AI 클론은 명시되나 주요 고객 설명 부족,https://primer.kr/qrx6zk25rw56qmv314y5,2026-10-03,9,True,7240db2cc84cde327170ba8c112be7810f103fc05256c9e73f8095736228191c
primer-1q3vdn2p9ye3wmxy49pr,primer,크래빗,2025,Batch 26,혼합,미확인,금융,어린이·청소년 금융교육,교육기관 협력과 학생 개인 사용자 확장을 모두 명시,https://primer.kr/1q3vdn2p9ye3wmxy49pr,2026-10-03,393,True,afdce709b68fa33bd60e90fc8670a9cf93abb96aeb265337d05c8a5455f920e4
primer-4z7pvx2k1x66p2ek8653,primer,모난돌컴퍼니(럭키밀),2025,Batch 26,혼합,미확인,소비·생활,마감 식품 예약·픽업,소상공인과 소비자 연결; AI 언급 없음,https://primer.kr/4z7pvx2k1x66p2ek8653,2026-10-03,662,True,64ff8c4cea6bb4c2417fe8ac3fdbef3b659b3eaccd2c765554d98cbc67e0cbd3
primer-xjqy1g2vwegrxm6vd54z,primer,블라이랩스(노못),2025,Batch 26,B2C,미확인,소비·생활,무타공 인테리어 제품,개인 주거공간용 제품; AI 언급 없음,https://primer.kr/xjqy1g2vwegrxm6vd54z,2026-10-03,304,True,d60373fac1029b9136e420db00f1bbce4ca6d72b45b4a15727a12ba3a4adca75
primer-d367nxm3qzp99mj98pv1,primer,링카이브(왓츠인마이),2025,Batch 26,B2B,미확인,업무·마케팅,브랜드·인플루언서 협찬 연결,브랜드와 영업활동을 하는 크리에이터의 마케팅 거래,https://primer.kr/d367nxm3qzp99mj98pv1,2026-10-03,368,True,35da2051d73cfc9b340f937ecaa79ecf36f00fa25c952a3b32ea4ec8cf25c65a
primer-ndvwx7283gny6m3z6jpg,primer,꾸다Pay,2024,Batch 25,확인 불가,미확인,금융,상품 월납부 서비스,월 납부 설명만으로 구매자·사업자 중 핵심 고객을 확정하기 어려움,https://primer.kr/ndvwx7283gny6m3z6jpg,2026-10-03,25,True,50f382dc0dbb03a7bccb9a6019fa4deccf7d798e465688c066da919aee4f0bd9
primer-1q3vdn2p9315wmxy49pr,primer,데일리페이,2024,Batch 25,확인 불가,미확인,금융,대금 선정산 서비스,선정산 설명만으로 고객 범위를 확정하기 어려움,https://primer.kr/1q3vdn2p9315wmxy49pr,2026-10-03,7,True,3cbe2768f095d339aa3bfeeb3d881accb9b48cc9335ba5b37101c307104cb9f2
primer-4w67rj24qngegm5yq8ep,primer,무인화연구소,2024,Batch 25,B2B,미확인,업무·마케팅,무인사업 운영 지원,사업자 대상 솔루션; 무인화만으로 AI로 분류하지 않음,https://primer.kr/4w67rj24qngegm5yq8ep,2026-10-03,9,True,c24cb845b8b3855cf258e427dd011fcb15b1e0a14ac8cb8c617c6ad307808edf
primer-1q3vdn2p9qxp4mxy49pr,primer,봄찬,2024,Batch 25,확인 불가,미확인,소비·생활,석재 커머스,석재 시장 설명만으로 기업·개인 고객 구분이 어려움,https://primer.kr/1q3vdn2p9qxp4mxy49pr,2026-10-03,15,True,d7479c68d9d933b5e8bf5c39bccd81dcdf0b36991058c2e3a8947de94f69f920
primer-n8pw9x2zwpe51mg7yrqv,primer,브이지테크,2024,Batch 25,B2B,미확인,산업·환경,해양 분야 보안,maritime 보안이라는 산업용 목적을 근거로 분류,https://primer.kr/n8pw9x2zwpe51mg7yrqv,2026-10-03,15,True,2ada4d2c0371aa057129376e42bb93da432415c1f8f0904532b4a9dd8400bd56
primer-7vgjr4m1n5qkk2dwpy86,primer,아기고래,2024,Batch 25,B2B,미확인,업무·마케팅,기업 조직문화 도구,기업용·Slack 기반이라고 명시,https://primer.kr/7vgjr4m1n5qkk2dwpy86,2026-10-03,21,True,4a0784df94017cf7a805d6f6aa80176bab4dd55db0e25b64498c1efe365d8e5b
primer-3p4kj92yndj15m57q1x8,primer,윙크,2024,Batch 25,B2B,미확인,업무·마케팅,일용직 인력 관리,인력을 관리하는 사업자의 업무 도구,https://primer.kr/3p4kj92yndj15m57q1x8,2026-10-03,13,True,61369c8c6452f92695901278e015b3a541633d73d4ab2ff9f03630b1e6b5ddd5
primer-y9e1xp2xy96pwm7k35vz,primer,주토피아프레시,2024,Batch 25,B2C,미확인,소비·생활,반려동물 신선식품 배송,반려동물 보호자용 식품 배송,https://primer.kr/y9e1xp2xy96pwm7k35vz,2026-10-03,18,True,05136b991e51de35d08ccda91c0f07a547926a4d7e462628e2512e817b94e9d7
primer-d367nxm3q48pwmj98pv1,primer,쿰테라퓨틱스,2024,Batch 25,확인 불가,미확인,건강·바이오,이중항체 치료제 개발,의약 연구 대상은 확인되나 구매·사업화 고객은 미기재,https://primer.kr/d367nxm3q48pwmj98pv1,2026-10-03,28,True,74f02ec3ec32dfc28de2fac35b0d54c05f45eef0af530176d8c150d6368a9143
primer-4z7pvx2k19e872ek8653,primer,큐파일럿,2024,Batch 25,확인 불가,제품·기능,교육·콘텐츠,AI 영어 학습 콘텐츠 제작,AI 제작은 명시되나 교육기관·개인 고객 구분 부족,https://primer.kr/4z7pvx2k19e872ek8653,2026-10-03,25,True,c03ee6956b3ea35dc64aeb4dbaabd3307149f9532624f1754eec94e018eb9e89
primer-7916x82r8dq5d24kpyg3,primer,데스크룸,2024,Batch 24,B2B,미확인,업무·마케팅,고객상담 업무 소프트웨어,고객상담 운영 업무를 위한 도구; AI 언급 없음,https://primer.kr/7916x82r8dq5d24kpyg3,2026-10-03,15,True,5cddb6d6ae8e235f5f5dde5df20bef491fc78dc818202d268b8f0daa312c1def
primer-91kwev26vn8p12y46jpg,primer,돌핀,2024,Batch 24,B2C,제품·기능,금융,개인 AI 투자 도우미,개인 투자 비서라는 설명,https://primer.kr/91kwev26vn8p12y46jpg,2026-10-03,14,True,231ab9b9f4884f22061c1cdb863807fe6bb1fbf6e53bb227bdacf5b8f9389418
primer-93nzyxmde4v142wk6r45,primer,라이프클래스,2024,Batch 24,B2B,미확인,교육·콘텐츠,교육 크리에이터 사업 지원,사업을 운영하는 크리에이터 대상,https://primer.kr/93nzyxmde4v142wk6r45,2026-10-03,28,True,8a538d55e10bc12b47dc54d1e821b46b143a7e16a4b8451be5aaa1f38a395ece
primer-ywk9j729857j8mgpqvnd,primer,로켓툴즈,2024,Batch 24,B2B,제품·기능,업무·마케팅,AI 기반 CRM 마케팅,CRM 마케팅 최적화와 AI를 명시,https://primer.kr/ywk9j729857j8mgpqvnd,2026-10-03,21,True,6d99c4878395969294c2ec2e03eabe1f43794a437ff655ae042a1b502cb70262
primer-1q3vdn2p9qxe4mxy49pr,primer,루모스,2024,Batch 24,B2B,미확인,업무·마케팅,연구비·보조금 관리 자동화,국가 R&D·사업비 관리 업무; AI 언급 없음,https://primer.kr/1q3vdn2p9qxe4mxy49pr,2026-10-03,24,True,0d624e6d08de80e0b26f2ea89d2fd3746f6d0359c5874e80da943b8516fdd6db
primer-n8pw9x2zw4r9emg7yrqv,primer,뤼이도,2024,Batch 24,B2B,미확인,개발·데이터,개발 프로젝트 관리,개발 업무용 관리 도구; 전문 업무 사용자를 B2B로 분류,https://primer.kr/n8pw9x2zw4r9emg7yrqv,2026-10-03,18,True,65f59b5a3d06efb41ab331067e4e6889bc23b6cbe43b70b3ea214398ce6abd34
primer-91kwev26vkwd62y46jpg,primer,모지,2024,Batch 24,B2C,미확인,소비·생활,글로벌 친구 연결,친구를 만드는 개인 대상 설명,https://primer.kr/91kwev26vkwd62y46jpg,2026-10-03,22,True,d2e2eff6e56681714f11e4a0f820754c79a662924707ea2abc259b90e42d31a2
primer-n5w9812gwxkyg24kpgze,primer,복스에이아이,2024,Batch 24,B2B,제품·기능,업무·마케팅,AI 콜센터 구축,기업의 콜센터 개발·AI 기능을 명시,https://primer.kr/n5w9812gwxkyg24kpgze,2026-10-03,18,True,c5020deff5d3546b4a595f41e7c548483a10c1914d805a7c2c20fb4f04dd5538
primer-4z7pvx2k1w9n92ek8653,primer,볼비,2024,Batch 24,B2C,미확인,소비·생활,식물성 요거트 제조,최종 소비자용 식품; 유통 경로와 고객 목적을 구분,https://primer.kr/4z7pvx2k1w9n92ek8653,2026-10-03,18,True,03513a2eb553b3e91650c79953e96f9f9ed6c755485f478eef7c42fb836cee6d
primer-dwy5rvmjg189v2p46zn9,primer,소이프트,2024,Batch 24,확인 불가,미확인,산업·환경,식물성 유크림 대체 소재,대체 소재 개발은 확인되나 판매 고객이 미기재,https://primer.kr/dwy5rvmjg189v2p46zn9,2026-10-03,56,True,fc408c70b2453550c5314d5ac3a4f977262eb8e0d1244933b31bda3a2bbe85f7
primer-5r398nmnr7gqrmvwje7y,primer,펫바자,2024,Batch 24,혼합,미확인,소비·생활,반려동물 식품 재고 거래,재고 판매자와 구매자를 연결하는 커머스로 해석,https://primer.kr/5r398nmnr7gqrmvwje7y,2026-10-03,13,True,53e41b7f68f98d0160856af4925de1c200dfab6a069e06e64eb63aef5323a651
primer-d367nxm3q48vwmj98pv1,primer,데이터슬링,2024,Batch 24,B2B,미확인,산업·환경,스토리지 반도체 개발,스토리지 칩이라는 산업용 제품을 근거로 분류,https://primer.kr/d367nxm3q48vwmj98pv1,2026-10-03,12,True,f3331fa4417946500f1826c2f7f91f573e57128cc0541e3b0b18e51ff1f58a31
primer-n5w9812gwxkng24kpgze,primer,비에이엠코퍼레이션,2024,Batch 24,B2B,미확인,업무·마케팅,기업 유통·마케팅 지원,B2B 판로 확보를 명시,https://primer.kr/n5w9812gwxkng24kpgze,2026-10-03,29,True,8c379e8cbd67a3967f34c7bb165007e75763710cb20f0730dbcb0f096a54d301
yc-30051,yc,attimet,2024,Fall 2024,확인 불가,미확인,금융,금융시장 분석·자산관리 구상,금융시장·자산관리 목표는 있지만 구체적 고객·AI 설명은 부족,https://www.ycombinator.com/companies/attimet,2026-10-03,132,True,93806d74de0cddd4d2dad4b009d19ebac4be382c86183611a9e42b87f6d73d6c
yc-29363,yc,Solari AI,2024,Winter 2024,B2B,미확인,업무·마케팅,비개발 직군용 에이전트,팀 구성원용 도구; 소개에 AI 구현이 명시되지 않아 AI 역할은 미확인,https://www.ycombinator.com/companies/solari-ai,2026-10-03,159,True,09d994ca78a08f687f051cc50a9c0f97ca4ecef18b17b0bea49908280d79dc71
yc-30083,yc,Curo,2024,Fall 2024,B2B,미확인,산업·환경,기업 전기차 충전·주차 연결,기업 차량 운영자를 대상으로 명시; 인수된 기업도 표본에 유지,https://www.ycombinator.com/companies/curo,2026-10-03,328,True,f8254b2e54d9cafc13a3590ede1486973b46f883574b0b8d16de8c69d145d33f
yc-30037,yc,Afternoon.co,2024,Fall 2024,B2B,제품·기능,금융,창업기업 회계·세무 지원,창업자용 AI 기장과 세무 서비스,https://www.ycombinator.com/companies/afternoon-co,2026-10-03,557,True,0d0419452d860ed0250b44701763d8d7fbf7b6a4a339628f1037a15495a8e3a6
yc-29795,yc,Odo,2024,Summer 2024,확인 불가,미확인,업무·마케팅,이메일 작성·후속 업무 지원,이메일 도우미만으로 개인·기업 고객과 AI 구현을 확정하기 어려움,https://www.ycombinator.com/companies/odo,2026-10-03,207,True,8e0c27b0daf662ad0982cea0cf90eb7eda0a6e3b3731ed85be1e5285706ab431
yc-29418,yc,Sample,2024,Winter 2024,B2B,제품·기능,건강·바이오,의료기관 업무 코파일럿,의료기관용 코파일럿과 학습하는 모델을 설명,https://www.ycombinator.com/companies/sample,2026-10-03,507,True,a6ef8c4f17f1555f11cd7efee49989988ccf7b06e99c39c7e407846c83014061
yc-29723,yc,Aluna,2024,Summer 2024,B2B,지원 인프라,건강·바이오,의료 AI 학습·평가 데이터,의료 AI용 데이터셋과 평가를 지원,https://www.ycombinator.com/companies/aluna,2026-10-03,139,True,18bcab57b41efcb757cbd3526e74b86a14fea8e054eec2abff8cd6083273e249
yc-29179,yc,Driver,2024,Winter 2024,B2B,미확인,개발·데이터,코드 문서·구조 정보 생성,개발팀의 코드 이해 지원; 에이전트 사용만으로 자체 AI 제품으로 단정하지 않음,https://www.ycombinator.com/companies/driver,2026-10-03,315,True,5f4bee137e67ce55e618a092b5a9f5842b4ca175323a3bddeb2f276c6c272287
yc-29972,yc,Affil.ai,2024,Summer 2024,B2B,제품·기능,업무·마케팅,금융 마케팅 준법 검토,금융기업·크리에이터의 AI 준법 검토,https://www.ycombinator.com/companies/affil-ai,2026-10-03,201,True,b7162a7e30df10cd76d0145339179dac99d7386436cffd01fd84eb7d1f7e98c3
yc-29675,yc,Offstream,2024,Summer 2024,B2B,제품·기능,산업·환경,탄소 규제 대응 자동화,인프라 프로젝트의 규제 문서를 LLM으로 처리,https://www.ycombinator.com/companies/offstream,2026-10-03,578,True,03834e40fd723728bc64ab667a7dace9477eb99c7bd43927e98cab595785f2f5
yc-29379,yc,Trieve,2024,Winter 2024,B2B,지원 인프라,개발·데이터,검색·RAG 개발 인프라,검색 개발팀을 위한 모델·검색 기반구조,https://www.ycombinator.com/companies/trieve,2026-10-03,673,True,55a37b8496c2f634ee00a1b308d8995d884a468cf01cfeaf015ae9f5ab9513a1
yc-30022,yc,Symphony,2024,Fall 2024,B2B,제품·기능,업무·마케팅,직원 교육용 AI 대화 시뮬레이션,기업 직원의 직무 교육을 AI 음성으로 지원,https://www.ycombinator.com/companies/symphony,2026-10-03,433,True,8c86106bb59af6445bbc04c321866e745c17064d16ecf1890ff8b6100f47be51
yc-29734,yc,Vibe,2024,Summer 2024,확인 불가,미확인,개발·데이터,대화를 통한 앱 제작,누구나 앱을 만든다는 소개; 개인·기업 고객과 AI 구현의 직접 설명 부족,https://www.ycombinator.com/companies/vibe,2026-10-03,151,True,ed4a06cbd7cfbd9180b0810155d81a97ecf6e13b5c64f9741a5ad9cc7dab5727
yc-29249,yc,Nuanced,2024,Winter 2024,B2B,제품·기능,개발·데이터,AI 코딩 데스크톱 도구,개발자의 명세·개발 작업을 위한 AI 앱,https://www.ycombinator.com/companies/nuanced,2026-10-03,191,True,0a0a48b2db8a4dbb3b0d50159c909a9bcfd0bf39876ac3b5f009b236b9454048
yc-30066,yc,Unusual,2024,Fall 2024,B2B,제품·기능,업무·마케팅,AI 답변 내 브랜드 인식 분석,브랜드를 위해 AI 모델의 인식·응답을 분석,https://www.ycombinator.com/companies/unusual,2026-10-03,919,True,760847140c01f5bee12daa1f25c0b8d7f3f8f6f2aa72973c064901de3642c6d0
yc-29784,yc,Sensei,2024,Summer 2024,B2B,지원 인프라,산업·환경,로봇 학습 데이터 수집,로봇 기업의 모델 훈련 데이터 생성 지원,https://www.ycombinator.com/companies/sensei,2026-10-03,434,True,937bd0e70c32e8adabd1e8b13eef58d7d5bd6abd75432b59f807aa5fd327870f
yc-29177,yc,Onyx,2024,Winter 2024,B2B,제품·기능,업무·마케팅,사내 지식 검색·AI 채팅,기업 문서·앱을 연결하는 AI 채팅,https://www.ycombinator.com/companies/onyx,2026-10-03,476,True,e0f031460cf91e1434ade1acde68bbf663bbb3d1b74e074863d07d4df6131a3f
yc-29990,yc,DreamRP,2024,Summer 2024,B2B,제품·기능,교육·콘텐츠,창작자용 AI 콘텐츠 도구,독립 창작자와 엔터테인먼트 업계를 위한 AI 기술,https://www.ycombinator.com/companies/dreamrp,2026-10-03,706,True,a774c94234eb0f07e848e21450ce6edd2fb765f0ecf822750a125f7a463cf51b
yc-29665,yc,Cloudglue,2024,Summer 2024,B2B,지원 인프라,개발·데이터,AI의 영상 이해 지원,개발자용 영상 맥락 API와 AI 지원 도구,https://www.ycombinator.com/companies/cloudglue,2026-10-03,265,True,5eadda13fb391802779261f6d4b4385e3979c762f6260889c16c8ec82f086fbd
yc-29524,yc,Coval,2024,Summer 2024,B2B,지원 인프라,개발·데이터,AI 에이전트 평가·시뮬레이션,개발자가 AI 에이전트를 시험하는 기반 도구,https://www.ycombinator.com/companies/coval,2026-10-03,377,True,78c2be228328e66c130829194c9f658904f9f9b9b35da23d071e96f841ab8d97
yc-29267,yc,"Argon AI, Inc.",2024,Winter 2024,B2B,제품·기능,건강·바이오,제약·바이오 AI 리서치,제약·생명과학 전문가의 자연어 업무 분석,https://www.ycombinator.com/companies/argon-ai-inc,2026-10-03,1283,True,f187d283d07582ddc8de0ffa0d893538427a72becd59cdbdb84fb13cfb726ed1
yc-29470,yc,Eris Biotech,2024,Winter 2024,확인 불가,미확인,건강·바이오,면역 기반 항암제 개발,치료제 연구는 명시되나 구매·사업화 고객은 미기재,https://www.ycombinator.com/companies/eris-biotech,2026-10-03,297,True,e2104f7d265231015aa6c01bb07289248dc82db74a3ae6aa13dfd2158a684ea9
yc-29695,yc,Dench.com,2024,Summer 2024,B2B,제품·기능,업무·마케팅,AI CRM 구축·운영,기업의 영업 관리와 AI 에이전트 운영,https://www.ycombinator.com/companies/dench-com,2026-10-03,1699,True,fcefe5f787379b57e488fe72a224fb3a7ba378a49366698ebbc599a813554bd7
yc-30240,yc,Bezel,2025,Winter 2025,B2B,제품·기능,업무·마케팅,패션 상품 이미지·영상 생성,패션 브랜드의 AI 가상 촬영,https://www.ycombinator.com/companies/bezel,2026-10-03,353,True,389e1aae4991e802cf587e5c8d5e3f2c40d336e538ac8d8dfcf8f07bdcb477c9
yc-30296,yc,Peppr AI,2025,Winter 2025,B2B,제품·기능,업무·마케팅,영업 통화 중 답변 지원,기업 영업 담당자에게 실시간 AI 지원,https://www.ycombinator.com/companies/peppr-ai,2026-10-03,504,True,dfdef9461c3c1e68d2841b6daa6645fe00cf9afcd60a88713d7012fe6ad04322
yc-30503,yc,Vesence,2025,Spring 2025,B2B,제품·기능,업무·마케팅,전문가용 AI 업무 환경,법률·투자·컨설팅 조직의 문서 업무,https://www.ycombinator.com/companies/vesence,2026-10-03,347,True,878e44b274ab946488a5799b3e7b83d4cc51a14a404539377e4231f82cade3f2
yc-30650,yc,Imprezia,2025,Summer 2025,B2B,지원 인프라,개발·데이터,AI 앱 광고 수익화 인프라,AI 앱 개발자를 위한 광고 기반구조; 자체 모델 기능과 구분,https://www.ycombinator.com/companies/imprezia,2026-10-03,236,True,f73fc08ba4a1e75d657140069d2c2e61e8b4f28417f400177e1c7119f01342bc
yc-30685,yc,IronLedger.ai,2025,Summer 2025,B2B,제품·기능,금융,부동산 회계·청구서 자동화,부동산 관리사·개발사 대상 AI 회계,https://www.ycombinator.com/companies/ironledger-ai,2026-10-03,308,True,8cafcda2f655cfbd1f9cbe5404521d8ed7ba4253d635be5f65ef9c1b1e8bc5af
yc-30695,yc,Channel3,2025,Summer 2025,B2B,지원 인프라,개발·데이터,쇼핑 서비스용 상품 데이터,개발자·AI 쇼핑 에이전트를 위한 데이터 기반구조,https://www.ycombinator.com/companies/channel3,2026-10-03,1343,True,a0b6ba5c14e8f810e4d352c84ab35904ec1a2ac498aba62e0c0e4eab042e58d0
yc-30336,yc,Atlog,2025,Spring 2025,B2B,제품·기능,업무·마케팅,기업 발신 전화·문자 자동화,기업용 AI 음성 에이전트,https://www.ycombinator.com/companies/atlog,2026-10-03,214,True,41413d81880a4dc99dc10579540870a0f488b55052d5620a9a4dadc3debfd315
yc-30666,yc,CareSwift,2025,Summer 2025,B2B,제품·기능,건강·바이오,구급활동 보고서 작성 지원,구급기관의 AI 기록·오류 점검,https://www.ycombinator.com/companies/careswift,2026-10-03,476,True,5426287dcd47eb51f1348534c6b33776e114bff4dbd120d27d750c52c398782e
yc-30989,yc,Bluma,2025,Fall 2025,B2B,제품·기능,업무·마케팅,짧은 광고 영상 생성,기업 마케팅팀을 위한 AI 콘텐츠 제작,https://www.ycombinator.com/companies/bluma,2026-10-03,426,True,30aebb592150556abc025915510fcffd973a75c0d94927b57b75fb7bc767525f
yc-30248,yc,Operand,2025,Winter 2025,확인 불가,미확인,확인 불가,공개 사업 설명 없음,이름 외 사업 소개가 비어 있어 분류하지 않음,https://www.ycombinator.com/companies/operand,2026-10-03,0,False,e3b0c44298fc1c149afbf4c8996fb92427ae41e4649b934ca495991b7852b855
yc-30616,yc,args,2025,Summer 2025,확인 불가,미확인,개발·데이터,코드 협업 서비스,GitHub 대안이라는 짧은 소개만으로 고객·AI 역할을 확정하기 어려움,https://www.ycombinator.com/companies/args,2026-10-03,15,True,fd31adb290c209e78ba47e8a4d80b7cdc6b7fcba0ad7dc8976d0a4d93ff79bbf
yc-30299,yc,Miyagi Labs,2025,Winter 2025,B2C,제품·기능,교육·콘텐츠,시험 준비용 AI 학습,학생 개인의 시험 준비를 위한 AI 튜터,https://www.ycombinator.com/companies/miyagi-labs,2026-10-03,789,True,4f6ce91d4774945b05214a44bda3346ae96c82d4188ebe4f9c557fa68cdb57c9
yc-30777,yc,Modelence,2025,Summer 2025,B2B,미확인,개발·데이터,웹앱 운영 클라우드,개발자의 배포·운영 인프라; 일반 클라우드를 AI 전용 인프라로 세지 않음,https://www.ycombinator.com/companies/modelence,2026-10-03,1414,True,ce341d579846f013df2d274a14f98f88a33e6a65464b01f09e42f3a46a39823f
yc-30442,yc,YouLearn,2025,Spring 2025,B2C,제품·기능,교육·콘텐츠,대학생 AI 학습 도우미,학생의 학습 자료 요약·튜터·시험 생성,https://www.ycombinator.com/companies/youlearn,2026-10-03,179,True,ae2f580ffea262a60d74e7678083fdd4d38a1f307a64e52939a375be315032a7
yc-30294,yc,Sennu AI,2025,Winter 2025,B2B,제품·기능,업무·마케팅,기존 기업의 AI 전환,기업 업무를 전환하는 AI 시스템이라고 명시,https://www.ycombinator.com/companies/sennu-ai,2026-10-03,130,True,ce2c5783707087ecf6da192188718a3f6c571576889e27ecec7a3655aa06e257
yc-30604,yc,Parametric,2025,Fall 2025,확인 불가,미확인,산업·환경,물리적 사업 운영 자동화,자율 운영이라는 설명만으로 고객·AI 구현 확정이 어려움,https://www.ycombinator.com/companies/parametric,2026-10-03,89,True,220f0f0aa0d0044644071e0d38856715e2ca49cdc9acc8cbc7565a5453aa2d72
yc-30846,yc,Parse,2025,Fall 2025,B2B,미확인,개발·데이터,웹사이트 연동 API 생성,개발자용 웹 데이터 연동 도구; 자동화만으로 AI로 분류하지 않음,https://www.ycombinator.com/companies/parse-bot,2026-10-03,340,True,f01c9f851c15f18ba75305adb66fd3b24879df45ab822fe174117160d3660eef
